<?xml version="1.0" encoding="UTF-8" standalone="no"?>
<!DOCTYPE hibernate-configuration PUBLIC "-//Hibernate/Hibernate Configuration DTD 3.0//EN" "http://www.hibernate.org/dtd/hibernate-configuration-3.0.dtd">
<hibernate-configuration>
    <session-factory>
        <property name="hibernate.connection.driver_class">com.mysql.jdbc.Driver</property>
        <property name="hibernate.connection.url">jdbc:mysql://localhost:3307/reto2g4</property>
        <property name="hibernate.connection.username">root</property>
        <property name="hibernate.dialect">org.hibernate.dialect.MySQLDialect</property>
        <property name="hibernate.hbm2ddl.auto">none</property>
        <property name="hibernate.search.autoregister_listeners">true</property>
        <property name="hibernate.validator.apply_to_ddl">false</property>
        <mapping resource="modelo/Ciclos.hbm.xml"/>
        <mapping resource="modelo/Users.hbm.xml"/>
        <mapping resource="modelo/Modulos.hbm.xml"/>
        <mapping resource="modelo/Tipos.hbm.xml"/>
        <mapping resource="modelo/Matriculaciones.hbm.xml"/>
        <mapping resource="modelo/Horarios.hbm.xml"/>
        <mapping resource="modelo/Reuniones.hbm.xml"/>
    </session-factory>
</hibernate-configuration>
