<?xml version="1.0" encoding="UTF-8" standalone="no"?>
<!-- Generated 13 ene 2025, 12:32:46 by Hibernate Tools 6.5.1.Final --><!DOCTYPE hibernate-mapping PUBLIC "-//Hibernate/Hibernate Mapping DTD 3.0//EN" "http://www.hibernate.org/dtd/hibernate-mapping-3.0.dtd">
<hibernate-mapping>
    <class catalog="reto2g4" name="modelo.Modulos" optimistic-lock="none" table="modulos">
        <id name="id" type="int">
            <column name="id"/>
            <generator class="assigned"/>
        </id>
        <many-to-one class="modelo.Ciclos" fetch="select" name="ciclos">
            <column name="ciclo_id"/>
        </many-to-one>
        <property name="nombre" type="string">
            <column length="200" name="nombre"/>
        </property>
        <property name="nombreEus" type="string">
            <column length="200" name="nombre_eus"/>
        </property>
        <property name="horas" type="int">
            <column name="horas" not-null="true"/>
        </property>
        <property name="curso" type="java.lang.Integer">
            <column name="curso"/>
        </property>
        <set fetch="select" inverse="true" lazy="true" name="horarioses" table="horarios">
            <key>
                <column name="modulo_id" not-null="true"/>
            </key>
            <one-to-many class="modelo.Horarios"/>
        </set>
    </class>
</hibernate-mapping>
