<?xml version="1.0" encoding="UTF-8" standalone="no"?>
<!-- Generated 13 ene 2025, 12:32:46 by Hibernate Tools 6.5.1.Final --><!DOCTYPE hibernate-mapping PUBLIC "-//Hibernate/Hibernate Mapping DTD 3.0//EN" "http://www.hibernate.org/dtd/hibernate-mapping-3.0.dtd">
<hibernate-mapping>
    <class catalog="reto2g4" name="modelo.Tipos" optimistic-lock="none" table="tipos">
        <id name="id" type="int">
            <column name="id"/>
            <generator class="assigned"/>
        </id>
        <property name="name" type="string">
            <column length="50" name="name"/>
        </property>
        <property name="nameEus" type="string">
            <column length="50" name="name_eus"/>
        </property>
        <set fetch="select" inverse="true" lazy="true" name="userses" table="users">
            <key>
                <column name="tipo_id" not-null="true"/>
            </key>
            <one-to-many class="modelo.Users"/>
        </set>
    </class>
</hibernate-mapping>
