<?xml version="1.0" encoding="UTF-8" standalone="no"?>
<!-- Generated 13 ene 2025, 12:32:46 by Hibernate Tools 6.5.1.Final --><!DOCTYPE hibernate-mapping PUBLIC "-//Hibernate/Hibernate Mapping DTD 3.0//EN" "http://www.hibernate.org/dtd/hibernate-mapping-3.0.dtd">
<hibernate-mapping>
    <class catalog="reto2g4" name="modelo.Users" optimistic-lock="none" table="users">
        <id name="id" type="int">
            <column name="id"/>
            <generator class="assigned"/>
        </id>
        <many-to-one class="modelo.Tipos" fetch="select" name="tipos">
            <column name="tipo_id" not-null="true"/>
        </many-to-one>
        <property name="email" type="string">
            <column length="100" name="email"/>
        </property>
        <property name="username" type="string">
            <column length="50" name="username"/>
        </property>
        <property name="password" type="string">
            <column length="50" name="password"/>
        </property>
        <property name="nombre" type="string">
            <column length="50" name="nombre"/>
        </property>
        <property name="apellidos" type="string">
            <column length="50" name="apellidos"/>
        </property>
        <property name="dni" type="string">
            <column length="9" name="dni"/>
        </property>
        <property name="direccion" type="string">
            <column length="100" name="direccion"/>
        </property>
        <property name="telefono1" type="java.lang.Integer">
            <column name="telefono1"/>
        </property>
        <property name="telefono2" type="java.lang.Integer">
            <column name="telefono2"/>
        </property>
        <property name="argazkia" type="binary">
            <column name="argazkia"/>
        </property>
        <set fetch="select" inverse="true" lazy="true" name="matriculacioneses" table="matriculaciones">
            <key>
                <column name="alum_id" not-null="true"/>
            </key>
            <one-to-many class="modelo.Matriculaciones"/>
        </set>
        <set fetch="select" inverse="true" lazy="true" name="reunionesesForProfesorId" table="reuniones">
            <key>
                <column name="profesor_id" not-null="true"/>
            </key>
            <one-to-many class="modelo.Reuniones"/>
        </set>
        <set fetch="select" inverse="true" lazy="true" name="reunionesesForAlumnoId" table="reuniones">
            <key>
                <column name="alumno_id" not-null="true"/>
            </key>
            <one-to-many class="modelo.Reuniones"/>
        </set>
        <set fetch="select" inverse="true" lazy="true" name="horarioses" table="horarios">
            <key>
                <column name="profe_id" not-null="true"/>
            </key>
            <one-to-many class="modelo.Horarios"/>
        </set>
    </class>
</hibernate-mapping>
